"","OBJECTID","HMA_NAME","HMA_ID","ADMIN_ST","ADM_UNIT_C","ADMIN_AGCY","HERD_TYPE","GIS_ACRES","ROD_DT","BLM_ACRES","LUP_ID","GlobalID","created_da","last_edite","Original_G","SHAPE_Leng","SHAPE_Area","ID","annforbandgrassbio","perforbandgrassbio","annforbandgrasscov","bareground","litter","perforbandgrasscov","shrub","tree"
"1",1,"Cibola-Trigo","AZ0011","AZ","AZC02000","BLM","BOTH",227.88836253,2010-01-29,229,"LUPA000210","{B905F7F8-00A4-47DF-A2AF-2615A68E2C23}",2015-12-30,2015-12-30,"{E63BA65E-BD6D-400E-BB68-0748D3F6C2B5}",0.0390211660141,8.89337369461e-05,1,73.9950900163666,2.15302782324059,4.3633387888707,31.5630114566285,4.120294599018,1.34206219312602,7.23813420621931,1.08428805237316
"2",2,"Cibola-Trigo","AZ0011","AZ","AZC02000","BLM","BOTH",2285.79518499,2010-01-29,2286,"LUPA000210","{BE78AC51-3539-42F6-B423-B46096AAEA6A}",2015-12-30,2015-12-30,"{F56B221D-454E-4A4E-9664-FC7110AD30F4}",0.175993058494,0.000892650508027,2,75.7826790772966,9.53541076487252,4.84289761230271,21.806475111291,4.03456090651558,1.17199514366653,8.23909348441926,1.302063941724
"3",3,"Big Sandy","AZ0004","AZ","AZC01000","BLM","BURRO",32140.098371,1995-03-07,28821,"LUPA000205","{0D332F05-E116-4130-A9F2-B188975837E4}",2015-12-30,2015-12-30,"{8E6C41FC-7546-44C3-AF3A-5B03DDCE722E}",0.55467830507,0.0127580309525,3,491.540214187351,38.3992739026028,15.19043554463,10.5395597892269,11.1432961179965,5.9272707614918,20.9374224680483,5.13756586659383
"4",4,"Lake Pleasant","AZ0006","AZ","AZP01000","BLM","BURRO",103472.59896,2010-04-22,60836,"LUPA000211","{663D7E76-73FA-49D2-A949-C4D6E4B6F77B}",2015-12-30,2015-12-30,"{5164D290-297C-4BD8-8F6D-1D066B70F8DE}",1.13071076207,0.0408434216743,4,620.892455353491,23.6292196775421,15.8859375500172,7.09054144896195,11.2477636731602,2.94845866841186,14.8133560730279,5.62651118785857
"5",5,"Cibola-Trigo","AZ0011","AZ","AZC02000","BLM","BOTH",162.72323806,2010-01-29,163,"LUPA000210","{BD66A522-3E91-449C-BB41-6B81A78095B3}",2015-12-30,2015-12-30,"{33F464B8-4B24-480C-B57A-355F93F49B79}",0.0377705723636,6.34570470108e-05,5,41.0687361419069,0.19179600886918,3.31374722838137,22.4390243902439,3.87361419068736,0.715077605321508,8.8470066518847,0.421286031042129
"6",6,"Cibola-Trigo","AZ0011","AZ","AZC02000","BLM","BOTH",1102.19969289,2010-01-29,1102,"LUPA000210","{F03F2D94-E8EC-43EB-A320-F4680C66E85B}",2015-12-30,2015-12-30,"{5D231231-6850-4EFE-8369-B447A418D60D}",0.086080339286,0.000430724118481,6,48.7579018157364,0.475453934095494,2.85322797579018,35.2716879623403,4.63836583725622,0.202420981842636,8.94670477471419,1.31741761936785
"7",7,"Cibola-Trigo","AZ0011","AZ","AZC02000","BLM","BOTH",631178.87559,2010-01-29,185132,"LUPA000210","{01E7F1AA-37B6-47A0-A61D-5C9CA724DB53}",2015-12-30,2015-12-30,"{9AB7A2F6-40FA-46CE-B12E-04480D665223}",3.14319637338,0.246702871826,7,156.683616037088,15.0604933732246,6.65165455219331,19.7008072946489,6.04313873144964,1.42980557867303,10.8293691809093,1.22016273067717
"8",8,"Alamo","AZ0005","AZ","AZC03000","BLM","BURRO",189239.236253,2007-05-10,189084,"LUPA000206","{96FAF01E-5528-4D22-83F5-062D00960083}",2015-12-30,2015-12-30,"{2D2D7AE3-0B2E-4AF0-A1F6-0FE0324D95E0}",2.69505234311,0.0748928600388,8,368.223686354537,9.64706059218796,15.7418857368985,14.1231746302705,9.85271535871134,3.90324473533109,15.1641882245224,2.11924164713915
"9",9,"Havasu","AZ0010","AZ","AZC03000","BLM","BURRO",268276.330821,2007-05-10,267286,"LUPA000206","{EA11402E-A5B7-41C0-824A-31FE2D69AAF2}",2015-12-30,2015-12-30,"{280731B4-A6A6-4B7B-858E-2981F8ED2F31}",5.16414483822,0.106330679638,9,344.777566102449,6.46488750139125,16.228717923506,12.9169590858903,9.26118482192301,3.53197424116102,14.3581560211047,1.24479432327739
"10",10,"Big Sandy","AZ0004","AZ","AZC01000","BLM","BURRO",28241.9580052,1995-03-07,24979,"LUPA000205","{DCAF9699-32EC-45BD-8A8E-584BACB30677}",2015-12-30,2015-12-30,"{2DF4F66A-30B6-4452-BE52-9EDE7401DC72}",0.467334480526,0.0112431284706,10,523.113928218637,43.4542537462795,19.2495754969752,9.36839760599663,11.5251312246993,6.04669856088632,19.2981270216351,3.90026277221458
"11",11,"Cerbat Mountain","AZ0002","AZ","AZC01000","BLM","HORSE",83037.7963917,1995-03-07,60422,"LUPA000205","{F98EEBAB-AB46-4350-BCD2-68242A09D8CA}",2015-12-30,2015-12-30,"{13788A0F-C768-4D7C-B9F7-9069A4B21765}",1.20540105443,0.0333080749611,11,351.182276990185,76.9808833151581,13.8873260632497,13.5135703380589,10.0325256270447,6.27466739367503,17.5673456924755,7.90227699018539
"12",12,"Big Sandy","AZ0004","AZ","AZC01000","BLM","BURRO",183506.595675,1995-03-07,129196,"LUPA000205","{88029765-C8BC-4BF7-938F-9FA8E4ECDC1C}",2015-12-30,2015-12-30,"{087F7D05-CF61-4C88-9E6C-37DA7369ACF8}",2.14850136277,0.0728666887279,12,395.18919586922,20.8004363191329,13.7576953818739,11.5293224795046,9.58800929644786,4.22003619714688,18.6363013930719,3.94434290019673
"13",13,"Black Mountain","AZ0003","AZ","AZC01000","BLM","BURRO",773732.066189,1995-03-07,543307,"LUPA000205","{B63D3BA9-A696-44DA-951F-4AF713AFE792}",2015-12-30,2015-12-30,"{035BA22E-8924-4142-ADE9-4C4AB343985B}",3.5689806192,0.309579742346,13,801.073338273596,14.8435388703219,33.14622544911,12.7813966493945,11.8752466319535,4.33525501585646,11.4660779168136,1.04739907823983
"14",14,"Chocolate-Mule Mountains","CA0671","CA","CAD07000","BLM","BURRO",203452.591519,1976-01-01,192220,"LUPA000407","{BACFE6C5-0F35-48DB-87BC-6A78932434C5}",2015-12-30,2015-12-30,"{8AAC24A7-AF52-490B-A1F7-A46F5538B04E}",1.67104714082,0.0794572455813,14,74.8514265917469,0.652902133603176,4.4437539934788,21.6153042448109,4.04522971815523,0.844097329819529,8.7708421886869,0.694933412311661
"15",15,"Lee Flat","CA0652","CA","CAD05000","BLM","BURRO",73298.3746549,1976-01-01,71964,"LUPA000407","{FC2C0195-A6BE-44D5-88F8-3D65BB3D57D7}",2015-12-30,2015-12-30,"{133E688A-BFE4-4B76-B3D9-CB7ECDED4E1B}",0.827012093079,0.0298097885458,15,247.547495492862,34.8469887443356,12.89326121912,19.1244116357258,9.43488281440335,5.70848803781124,15.540167129562,1.01826974613848
"16",16,"Centennial","CA0654","CA","CAD05000","BLM","HORSE",318721.212697,1976-01-01,71350,"LUPA000407","{C3D4EFF5-27AB-4EF1-B38D-7C5FE9E9D5B5}",2015-12-30,2015-12-30,"{51D6F4BF-4BF6-4D8E-AE11-B41FB51E537C}",1.56665485459,0.129116149703,16,560.854762618595,39.6870940542572,24.2725891034558,17.7422180197582,11.3358113121156,4.83632346398034,15.9253000771181,2.05231148958287
"17",17,"Chicago Valley","CA0681","CA","CAD08000","BLM","HORSE",278275.679357,1976-01-01,258867,"LUPA000407","{F6384DB5-2BE9-4BC1-BB4A-F7F78D0BC6D1}",2015-12-30,2015-12-30,"{C9DC754B-4893-47E5-852B-BE121409D394}",1.9776742926,0.11276237615,17,113.752972364418,3.88964380576001,8.27976615253028,19.5562443483212,6.28461854549295,1.88640093363802,12.8668599723309,0.210141333834846
"18",18,"Chemehuevi","CA0698","CA","CAD09000","BLM","BURRO",113406.45557,1976-01-01,128861,"LUPA000407","{51D733B2-07A1-4935-9111-FA6C58402219}",2015-12-30,2015-12-30,"{FFC48795-FBE7-4AF3-B368-4843B662B460}",1.18433351395,0.0449530045346,18,227.787435889978,10.2451644803816,10.5125634636702,16.4334467680793,7.88137989651907,2.88975500033933,13.1937698147232,1.29613255383303
"19",19,"Piper Mountain","CA0656","CA","CAD05000","BLM","BOTH",96321.8744403,1976-01-01,87909,"LUPA000407","{58E6B99E-BC89-43DB-8AB4-4D6D9150F88E}",2015-12-30,2015-12-30,"{CEF52F77-835A-46CF-AD96-98B34D0FBD98}",0.965889777755,0.0396179509088,19,118.874781387607,91.3155883010746,7.51789596799918,32.378424010882,11.1659950942829,5.97637336246943,17.0549289990944,1.3698646711373
"20",20,"Round Mountain","CA0252","CA","CAN02000","BLM","HORSE",7756.05873093,2008-04-17,7635,"LUPA000402","{AE0BB6EA-8AC7-45DF-8622-B5DAC4D883EA}",2015-12-30,2015-12-30,"{0CCEB852-FBA3-47D1-B6E9-36154C853D18}",0.35169540138,0.00339111560265,20,285.955194791287,383.204793214966,26.3795592298302,7.93801803345398,12.8434387783513,21.3533871624082,13.7474031397914,4.83673513096742
"21",21,"Waucoba-Hunter Mountain","CA0651","CA","CAD05000","BLM","BURRO",22647.4287665,1976-01-01,22098,"LUPA000407","{C723F6D0-753A-4209-AF9B-50AB1BA6AF7A}",2015-12-30,2015-12-30,"{C60CD8D7-43E4-4A14-B6C6-D6D6BA8AFCD8}",0.779302519605,0.00925754399511,21,87.9495167414567,7.5628628361628,4.8999435152352,28.4772413468478,5.70139956695014,2.16096588947814,12.5577321366931,0.536534659679292
"22",22,"Red Rock Lakes","CA0251","CA","CAN02000","BLM","HORSE",18551.1357855,2008-04-17,13413,"LUPA000402","{A1A99D88-6663-4EA7-B324-01591DA98BCC}",2015-12-30,2015-12-30,"{A7CC61C2-DA6A-45F9-A8E6-FBEAD748CD77}",0.504772179603,0.00813972187754,22,52.6435008387166,348.722991541454,5.61647453513687,13.1144045112245,14.7643652521503,14.1722759556016,12.0498054891324,23.0206377815054
"23",23,"Black Mountain","ID0006","ID","IDB03000","BLM","HORSE",50960.5113784,1999-12-30,50922,"LUPA001021","{F88A46A5-BE2B-4DE0-8836-F59EA7ED670F}",2015-12-30,2015-12-30,"{22AEE543-07CB-4DFC-A240-79E6F52E5CCE}",0.91077554133,0.0228456611275,23,339.660825201055,415.405283066849,24.4693410470771,14.0099621729871,14.5850821704441,22.4984773832608,11.7024762389141,0.460869703423504
"24",24,"Challis","ID0005","ID","IDI03000","BLM","HORSE",167636.178389,1999-07-29,177813,"LUPA001020","{931BD164-19B5-4C8D-8E9A-347104EFFB7C}",2015-12-30,2015-12-30,"{F24293D7-A03A-4646-A68B-BA53F6299B48}",1.46403258508,0.0765166899007,24,3.10928278132243,346.584059297114,2.25875854973034,18.0811529108474,12.4202385856473,28.4551361027847,16.6749251572315,3.28509067507513
"25",25,"Saylor Creek","ID0003","ID","IDT01000","BLM","HORSE",101851.220596,1987-03-23,101893,"LUPA001017","{84F04632-5AF7-4F22-98F7-A64F0B90447B}",2015-12-30,2015-12-30,"{4FD36AC6-BA3F-4395-A602-D935352CA248}",1.29129400179,0.045353338587,25,310.427779583433,443.114828981349,22.2161449035433,17.0451758859139,23.1623072107541,28.3343105217738,6.20114764938415,0.0131368069153561
"26",26,"Four Mile","ID0002","ID","IDB01000","BLM","HORSE",18050.4632705,1988-07-01,28292,"LUPA001019","{2FD0154B-9235-47E6-A0CC-C41D8F0CDBED}",2015-12-30,2015-12-30,"{A9FF0902-CD46-458F-9C5F-F7F53DA27164}",0.398459719516,0.00821624198634,26,426.5326701154,837.219463235619,32.8831233143211,5.27248529866914,10.0762523765309,34.6738205774417,10.1485608170845,0.747110580536764
"27",27,"Sands Basin","ID0004","ID","IDB03000","BLM","HORSE",11741.0360899,1999-12-30,11723,"LUPA001021","{D7B44CDB-29AA-451E-B2FA-8221A0B17C59}",2015-12-30,2015-12-30,"{2D3C221F-2184-4D36-AEAB-A25C7462AD34}",0.284077405514,0.00527647284529,27,309.0802572861,695.194286816153,29.4837749986227,7.68233155198061,12.710566910914,37.6529530053441,6.90029474960057,0.23205333039502
"28",28,"Hardtrigger","ID0007","ID","IDB03000","BLM","HORSE",67907.0543864,1999-12-30,69397,"LUPA001021","{A4AE10B9-7316-4A43-8576-E14177640DFF}",2015-12-30,2015-12-30,"{FA91265D-FFB3-434C-8DF9-44DF24ECBD17}",1.01430900886,0.0304838148808,28,341.386301591763,611.24086081956,29.952490078278,10.6084457318729,13.6314121957378,30.2758715154865,7.07877585245816,0.38442682700233
"29",29,"Bordo Atravesado","NM0001","NM","NMA02000","BLM","HORSE",19619.1202812,1976-06-24,16492,"LUPA001406","{0DBAE326-D7E0-48B3-BBD3-247783616C2A}",2015-12-30,2015-12-30,"{ABA08253-7D2C-4EB4-A3CF-E30623616633}",0.400434897774,0.00775719717333,29,7.46904105995015,241.464187327824,1.6399617698319,27.3664567755477,12.1182886377692,12.5528569554544,13.0047694008733,6.79822342160004
"30",30,"Palmetto","NV0624","NV","NVB02000","BLM","HORSE",119262.309424,1997-10-06,119262.309424,"LUPA001612","{4A860E5B-5A02-4D9D-83E5-D47EEBFE8218}",2015-12-30,2015-12-30,"{F09E635E-FA26-49CF-86E6-89159751A9F1}",0.988067700524,0.0488137492631,30,84.2877327468969,39.6950178698433,7.47689865224779,18.8415803428748,11.8296011498597,6.11338497385736,16.4063596406391,7.43555399489943
"31",31,"Rocky Hills","NV0605","NV","NVB01000","BLM","HORSE",84432.3132006,1986-02-26,84432.3132006,"LUPA001610","{C5A09EED-0C8F-459F-B06C-24D2177D8FA0}",2015-12-30,2015-12-30,"{CDA8BEB7-49C1-4128-A78D-8F17DF29F73E}",0.819931696273,0.0358729953589,31,46.3845738058364,131.204797910783,7.5720891156256,21.4395473363497,18.0511412751916,14.1205348557084,23.2799732774589,5.12121101697489
"32",32,"Johnnie","NV0510","NV","NVS03000","BLM","BOTH",179800.385231,1998-10-05,179800.385231,"LUPA001613","{97FA4D66-2AC4-4E33-A57A-C06D11A76285}",2015-12-30,2015-12-30,"{41C62D49-F3FB-461D-B6BA-14E527B43DC5}",2.07143883953,0.0731569394864,32,230.306169493545,3.21740503030393,14.9650231560764,13.1792166147951,7.50737668706784,2.15145910582302,16.4338242520811,0.134360837689058
"33",33,"Wheeler Pass","NV0507","NV","NVS01000","BLM","BOTH",275979.873703,1998-10-05,275979.873703,"LUPA001613","{BE3D7B56-FC24-428E-AE0D-A7886BA7256B}",2015-12-30,2015-12-30,"{DE6A6460-62CB-4E04-BD1E-3EA8D29F525C}",2.7485771202,0.1121768745,33,218.934682251189,9.13909347800051,12.228507245767,15.7857382849041,8.03142497386215,2.43398470248172,19.8831465111236,0.676614477291634
"34",34,"Montgomery Pass","NV0317","NV","NVC01000","BLM","HORSE",7992.78556966,2001-05-09,7992.78556966,"LUPA001614","{F6CE0880-132C-42E9-874B-7D8FBAD4E6DF}",2015-12-30,2015-12-30,"{52D87AC7-EB15-4BDD-89F2-7FBF7DA90B22}",0.349079271466,0.00328151784477,34,13.697340743529,74.968514049111,3.13360494209862,46.465713083719,8.46081969754002,6.71680357815026,13.5099306954808,1.4803268161991
"35",35,"Lahontan","NV0306","NV","NVC02000","BLM","HORSE",9686.61091796,2001-05-09,9686.61091796,"LUPA001614","{691F6EB0-4223-4125-8FBB-F803B38DAF4A}",2015-12-30,2015-12-30,"{F950EA30-8CCB-4D5A-8784-420722BC544A}",0.346699117317,0.00404708273216,35,66.815046121819,36.7958077599512,5.76328918559994,61.6035677111374,10.5413301747963,3.13915509134633,11.4369369369369,0.168084419080435
"36",36,"Amargosa Valley","NV0511","NV","NVS03000","BLM","HORSE",8912.10920408,1998-10-05,8912.10920408,"LUPA001613","{FD144FF3-B06E-46ED-9654-31E50D1A4D73}",2015-12-30,2015-12-30,"{82596EF9-19F0-4DC4-8F71-A0E9C6301805}",0.400022916745,0.00362918800156,36,93.3665465465465,20.5624224224224,5.52836836836837,38.694974974975,6.74636636636637,1.81815815815816,10.7752952952953,0.425625625625626
"37",37,"Horse Mountain","NV0308","NV","NVC01000","BLM","HORSE",50319.9745397,2001-05-09,50319.9745397,"LUPA001614","{10E13354-94BE-4F77-9762-9E55E41FB753}",2015-12-30,2015-12-30,"{54F6DCDA-2DF7-4966-B165-AE2ECCF5786C}",0.638164832842,0.0210121139667,37,265.560160238353,53.9256806500783,27.8083015633263,16.3202313017811,14.0337516720298,6.50053401262966,13.8929140498896,0.0736799173230932
"38",38,"South Stillwater","NV0309","NV","NVC01000","BLM","HORSE",9864.15256179,2001-05-09,9864.15256179,"LUPA001614","{C3ACF7A7-92B5-4A23-BE29-F904898ACC31}",2015-12-30,2015-12-30,"{135BE7D9-F3F9-4BC9-8F46-96CF17900F21}",0.234282212953,0.00414278407009,38,137.279161113839,45.5744897243459,15.6933436206776,19.3057270112927,12.5847127726731,6.35722802833696,18.8212807743565,1.67852633793926
"39",39,"Garfield Flat","NV0313","NV","NVC01000","BLM","HORSE",144118.416372,2001-05-09,144118.416372,"LUPA001614","{AE6841F7-9494-4F39-8E4B-AB896B84563C}",2015-12-30,2015-12-30,"{8F9CB497-09F0-44D3-8F90-ADDDC7DAC1C7}",1.1699099312,0.0595650196239,39,60.3335950664127,32.3215854196792,6.4936745129692,24.0447063671855,12.3601211450253,5.00192276273084,20.1027489288858,3.50750572439507
"40",40,"Granite Peak","NV0303","NV","NVC02000","BLM","HORSE",4052.75218864,2001-05-09,4052.75218864,"LUPA001614","{D633B159-BB9C-4F0B-B381-7A904A50692B}",2015-12-30,2015-12-30,"{3D700F5C-F8C6-4CA8-9326-853546D81B1F}",0.15413281914,0.00170269025733,40,267.493666567151,284.020770247793,21.3215763210645,12.7589030579605,15.5298332409263,16.3577429948394,17.8340939139336,1.46415319657099
"41",41,"Reveille","NV0619","NV","NVB02000","BLM","HORSE",106062.108456,1997-10-06,106062.108456,"LUPA001612","{198F0D31-74B6-4A34-8F02-7BBA590B51EF}",2015-12-30,2015-12-30,"{FF403751-4423-4F12-AD19-559AB4A18E9C}",1.00902215797,0.043817443303,41,40.8765330800509,41.9535803500536,6.10814730829351,21.0670751012384,13.3873647184802,7.08453799983092,14.6309037775225,10.4208417664132
"42",42,"Red Rock","NV0504","NV","NVS02000","BLM","BOTH",161127.400888,2005-05-20,161127.400888,"LUPA001617","{B0D8A480-DEA7-450C-9ED1-A6279312BC79}",2015-12-30,2015-12-30,"{B65654E6-2C95-4BEC-B4FC-A6727A33A55D}",1.80563901242,0.0652070872253,42,328.943812153281,34.9890620249231,14.9676549565031,15.0014734692014,10.4515241997548,4.6411105703317,17.8195373328982,4.48009368724809
"43",43,"El Dorado Mountains","NV0501","NV","NVS01000","BLM","BURRO",16253.3199488,1998-10-05,16253.3199488,"LUPA001613","{0BCF26B4-89DF-44D5-9EEC-DB51FFDBE634}",2015-12-30,2015-12-30,"{F3E046FB-47D8-4515-8102-4C5253B9F235}",0.548825290292,0.00654692432666,43,423.946056848806,16.944193680755,21.3973205868979,13.8937217890849,8.49162128891304,4.28596302498641,12.963967660726,0.522141756035888
"44",44,"Diamond Hills North","NV0104","NV","NVE02000","BLM","HORSE",71851.7114391,2003-01-01,71851.7114391,"LUPA001611","{08ECBBF2-F5F8-47A9-B9AE-7B343779F54E}",2015-12-30,2015-12-30,"{1A18C3E2-2C3A-4379-92C1-A54A945375CC}",0.821231247727,0.030656148418,44,127.282882968263,264.026981626053,20.4266404463767,17.6174499188514,20.6406098586711,18.5030552166136,15.5506118725789,0.83349484084205
"45",45,"Saulsbury","NV0620","NV","NVB02000","BLM","HORSE",73795.6451757,1997-10-06,73795.6451757,"LUPA001612","{D4565AC0-D3A8-4960-A6F7-0C3BE78ECB19}",2015-12-30,2015-12-30,"{0CDE6B4C-4555-49C8-A408-400E316C6425}",0.894945876082,0.0305804722854,45,33.189823312493,22.5598555346335,5.20326543017863,36.5232168001539,10.9862017053752,5.16001842622032,15.7722390944557,1.44979686041901
"46",46,"Marietta","NV0316","NV","NVC01000","BLM","BURRO",66694.2246387,2001-05-09,66694.2246387,"LUPA001614","{46F22122-193D-4AC8-9D9A-C8E6D85402EE}",2015-12-30,2015-12-30,"{59285BD8-E9D3-4F66-9486-BF2B26CF402D}",0.674676264116,0.027498491952,46,36.7929263983054,24.4640575354116,3.64761673344444,39.0669617742374,8.9009452774425,2.89192301495699,16.2820645556615,0.616688544420644
"47",47,"Seven Mile","NV0613","NV","NVB00000","BLM","HORSE",98149.2993632,1986-02-26,98149.2993632,"LUPA001610","{D6EEFF6C-FB6A-4EF1-B5F6-3B7860E91B50}",2015-12-30,2015-12-30,"{6FD48375-081C-4455-89B5-A6C644701DB1}",1.21786402865,0.0411598809384,47,13.2390990603155,48.9756504218523,2.78412310819251,25.5397098728621,15.9456585025036,6.88142438239477,18.2011658721281,13.2620689290138
"48",48,"Clan Alpine","NV0310","NV","NVC01000","BLM","HORSE",304763.071366,2001-05-09,304763.071366,"LUPA001614","{5973BF84-1620-4D90-8848-E09F42DB4131}",2015-12-30,2015-12-30,"{80A172D2-1EA8-4722-B6B1-BBC6EA7C26E4}",1.96188968078,0.128383926129,48,127.667211826595,74.1987144710261,14.5997481440331,17.1937158202545,14.4749957147148,9.1721145888078,16.6889952180178,5.85423524772908
"49",49,"Gold Butte","NV0502","NV","NVS01000","BLM","BURRO",178989.79093,1998-10-05,178989.79093,"LUPA001613","{D2E3DAA0-F81F-4585-9521-180F8CD2BF10}",2015-12-30,2015-12-30,"{F57E9B8F-D549-4E64-A64B-1FE8A33B1FFF}",1.15793931716,0.0726220689371,49,696.773781270221,38.0880471819921,31.6778650888663,10.3787240979604,11.7197734112232,6.41040612157744,13.5755030888923,1.09966765779254
"50",50,"Montgomery Pass","NV0317","NV","NVC01000","BLM","HORSE",4674.56091731,2001-05-09,4674.56091731,"LUPA001614","{A2A9DE6B-5240-471C-BE47-F3D52E0EDF86}",2015-12-30,2015-12-30,"{005749B0-2DF1-481D-A24E-BA53D359240F}",0.214093159498,0.00191891715606,50,69.8383677795443,55.2949125596184,9.78385948974184,28.8157695510637,13.7283670224847,2.51639033991975,24.2309031720796,0.0920584449996215
"51",51,"Goshute","NV0108","NV","NVE03000","BLM","HORSE",267445.392858,1985-07-16,267445.392858,"LUPA001609","{512CEB49-62DC-4BAA-8CA8-D496DBA539D7}",2015-12-30,2015-12-30,"{FCB5DB32-57BE-4738-B797-C87397537C65}",1.35017101458,0.115028936666,51,77.8447634670122,112.405893814607,12.7734638804492,19.8651524565032,13.5152077666568,10.274604178821,14.9713927803833,11.298208860232
"52",52,"Saulsbury","NV0620","NV","NVB02000","BLM","HORSE",62182.7253527,1997-10-06,62182.7253527,"LUPA001612","{1D274D2B-F1A5-47C9-A43F-DA53E0479844}",2015-12-30,2015-12-30,"{03473936-C712-477D-97C5-12FD043DAF1A}",0.748483477914,0.0256757243092,52,81.2210185714205,28.1582417395928,7.60210321478473,44.2909880810286,11.6806994122539,4.66171221369296,13.489820508324,0.0575951622665845
"53",53,"Goldfield","NV0626","NV","NVB02000","BLM","BURRO",62821.1658787,1997-10-06,62821.1658787,"LUPA001612","{3CD6ED5D-135E-4BEA-86F9-7E4FAA99EF4C}",2015-12-30,2015-12-30,"{EBF38001-0C06-4BF7-9C61-628ED22C2325}",0.63203307882,0.0258113687793,53,68.1971307807901,10.3925900078231,6.31414235784758,22.8111594504697,9.44238767665284,3.91436523168185,15.9336387530322,0.0962184613826057
"54",54,"New Pass-Ravenswood","NV0602","NV","NVB01000","BLM","HORSE",287948.419967,1986-02-26,287948.419967,"LUPA001610","{EE9C51C0-B317-4948-BA3D-3574468AEABF}",2015-12-30,2015-12-30,"{2B2B0999-397D-41C3-B525-C88ED84415CE}",1.70227560271,0.121703576219,54,108.326741152206,50.1640386662784,13.0213126435245,23.3026881155739,20.6117808258418,7.13139683661242,17.1682978530405,6.02812543266224
"55",55,"Muddy Mountains","NV0503","NV","NVS02000","BLM","HORSE",78584.5258975,1998-10-05,78584.5258975,"LUPA001613","{CEA227BA-A5B9-4C88-B8FD-ADCD0857FB77}",2015-12-30,2015-12-30,"{7817DD42-2E1C-4D26-85EE-5E30A4C9CF9D}",1.02271240735,0.0319053262196,55,377.017675773472,12.1065985457938,19.761733213477,15.5100417600674,9.16332624056985,4.11466609014258,14.8666636323293,0.242112809075703
"56",56,"Bald Mountain","NV0603","NV","NVB01000","BLM","HORSE",140711.948356,1986-02-26,140711.948356,"LUPA001610","{B9255CBF-8733-4D94-8980-2F35A869A9BD}",2015-12-30,2015-12-30,"{93EFDA8E-ABFE-4498-A058-BCB96FEB4447}",0.984449333646,0.0597732619641,56,67.0825817379017,58.3552580899533,9.90952301686336,22.9039569783251,17.0152947594672,8.07230746986429,19.8271271780877,7.03574973846545
"57",57,"Dogskin Mountains","NV0302","NV","NVC02000","BLM","HORSE",6605.17711166,2001-05-09,6605.17711166,"LUPA001614","{C0544FD9-F7C1-4085-BD3B-FA224DF3C555}",2015-12-30,2015-12-30,"{6095C812-DEB1-47A1-9F01-4F09559B72D8}",0.250575853717,0.00277837590061,57,173.460458916998,206.402336399749,15.0832636420656,19.1818942086557,16.0410568680744,15.8622987664646,19.7674315283295,2.24848421492787
"58",58,"Montezuma Peak","NV0625","NV","NVB02000","BLM","BOTH",78478.8681712,1997-10-06,78478.8681712,"LUPA001612","{68A3D69E-ACA0-4857-A99F-0C522DA2A6E5}",2015-12-30,2015-12-30,"{BE821272-63EA-4FA9-B198-202D2F6921AF}",0.760113492149,0.0322117767945,58,92.5851828971339,30.0899041323208,7.82478671019642,22.9455186594758,11.7312052452156,5.29421817788279,18.6101982287477,2.83509722046861
"59",59,"Rock Creek","NV0103","NV","NVE02000","BLM","HORSE",122084.529294,2003-01-01,122084.529294,"LUPA001611","{E3468AE4-167B-4107-9135-EE37F6A9CA0D}",2015-12-30,2015-12-30,"{389D1044-385D-406C-9533-57EC5B15EC4F}",1.51191417728,0.0529691478613,59,119.385720808236,415.735073168792,13.1383714887823,16.8242344801677,17.9611334067329,28.5557770645007,17.0890996118414,0.368679396880197
"60",60,"Desatoya","NV0606","NV","NVB01000","BLM","HORSE",162962.388243,1986-02-26,162962.388243,"LUPA001610","{439E741F-A575-47AF-A4CE-63135876C475}",2015-12-30,2015-12-30,"{FF45C10D-C414-490D-887D-CEB8E29456B0}",1.69733590238,0.0684621635041,60,31.3583871871141,59.5146550882806,4.56171897873713,22.9916896155201,14.9644331668569,6.94939512621516,20.5593470078797,10.9904718057954
"61",61,"South Shoshone","NV0601","NV","NVB01000","BLM","HORSE",133952.644995,1986-02-26,133952.644995,"LUPA001610","{F7B45957-D9C3-426B-A1FF-5CF5D21F6944}",2015-12-30,2015-12-30,"{20C41C23-6EBB-4C11-8585-096A8A46E4DF}",1.2014574008,0.0569681444821,61,120.635465964261,103.190165894904,15.0172945310269,19.3364178328098,18.6675115254376,11.8393999122843,18.9405114030435,2.82369522867284
"62",62,"Fish Creek","NV0612","NV","NVB01000","BLM","HORSE",253947.179596,1986-02-26,253947.179596,"LUPA001610","{40232EC0-F180-4665-8677-1DC1B5A20245}",2015-12-30,2015-12-30,"{6DB4D171-F59B-407F-9144-B8AA704BE885}",1.86202101369,0.106997126453,62,10.9831742271785,67.9173718129278,2.93418468983632,19.9868685668908,15.6941347351417,6.89528518632897,18.1599385068569,17.3154041680948
"63",63,"Little Humboldt","NV0102","NV","NVE02000","BLM","HORSE",17252.1054227,2003-01-01,17252.1054227,"LUPA001611","{4D2039CE-EA90-4F6F-8814-DCA58E1D3D3F}",2015-12-30,2015-12-30,"{3EBBFB0A-61FE-4E99-9A34-C887A6ACEF4A}",0.409958485942,0.00747259485784,63,128.11898975366,461.363171504676,16.003587191103,12.7177784690763,17.68791437404,32.8542861586919,14.2677269457352,0.354937491493788
"64",64,"Augusta Mountains","NV0311","NV","NVC01000","BLM","HORSE",178929.91939,2001-05-09,178929.91939,"LUPA001614","{F9BDB505-EA2D-4BBA-8B6E-896352D3ED47}",2015-12-30,2015-12-30,"{1404D961-AA4F-4F71-83CA-AB6F4E626296}",1.56270711305,0.075855253733,64,161.352980656824,47.5400521422259,15.0651471442892,26.837568253561,19.1558512558272,5.95837334638006,17.6517577176909,2.33961478326891
"65",65,"Bullfrog","NV0629","NV","NVB02000","BLM","BURRO",158185.3485,1998-10-05,158185.3485,"LUPA001613","{1E05E88F-7CF6-4185-8BF4-59B2A7EAFC5C}",2015-12-30,2015-12-30,"{916CC0F3-305D-4992-BBB7-616FB7F29869}",0.970786904519,0.0643930281436,65,290.57551387786,8.51241721107341,16.3977511640078,18.3695397657547,8.46010566303328,2.85709886847614,15.2173480022378,0.250681260376814
"66",66,"Stonewall","NV0627","NV","NVB02000","BLM","BURRO",24059.4115977,1997-10-06,24059.4115977,"LUPA001612","{0BB928E9-DD04-4E6C-A23B-C4BB5D47B3C2}",2015-12-30,2015-12-30,"{6E2F4A3A-F080-4102-9306-7888B91DB625}",0.511847264891,0.00985687133145,66,125.173604562065,25.3030178003065,9.79097164918071,18.9321215961334,10.1057924672875,5.21967464340446,15.6080322409525,4.05853619002711
"67",67,"Gold Mountain","NV0628","NV","NVB02000","BLM","BURRO",108464.99527,1997-10-06,108464.99527,"LUPA001612","{64AD05D8-D277-413D-937E-083A74A66AF7}",2015-12-30,2015-12-30,"{76B8AB15-F287-41FD-9977-B5403DE62FB0}",0.839544914752,0.0442854912499,67,159.646290744737,42.7087337562236,11.274209048628,24.0521686794408,10.0858042022264,6.44513851078764,15.1095786621885,1.00982498376442
"68",68,"North Monitor","NV0611","NV","NVB01000","BLM","HORSE",11573.0461451,1986-02-26,11573.0461451,"LUPA001610","{5CC133B8-E5E9-4D35-974F-F6A962EB2DF5}",2015-12-30,2015-12-30,"{095EB264-FAF2-48CB-AB19-92DC826EB129}",0.485108472661,0.00487987350088,68,10.2731667410382,35.2107541276216,2.78756507511528,24.0410084783579,14.9355644801428,6.07147106946304,17.5548267142645,16.1224304625911
"69",69,"Paymaster","NV0621","NV","NVB02000","BLM","HORSE",101392.062044,1997-10-06,101392.062044,"LUPA001612","{109213F1-74B7-4F91-AC00-15A6A8A45D78}",2015-12-30,2015-12-30,"{53787282-C7F0-4B05-B5B2-9C1F2FA9C3CC}",0.790767610671,0.0417515871064,69,18.1686024767468,10.6232137172598,2.36109047831933,33.3468906721033,7.46171375292024,2.75723080295094,15.2116037274709,1.3369648979677
"70",70,"Spruce-Pequop","NV0109","NV","NVE03000","BLM","HORSE",241119.481493,1985-07-16,241119.481493,"LUPA001609","{26679BDF-6511-49C9-AAF3-E56333B93366}",2015-12-30,2015-12-30,"{2C94442A-EFB9-4A04-B704-38D1B77E5F3E}",1.52935877501,0.103662620118,70,27.9931185188351,143.691663122702,5.94055176559526,21.822397252452,15.8557600351431,11.1650280352748,18.3913048961367,12.4983510928608
"71",71,"Pine Nut Mountains","NV0305","NV","NVC02000","BLM","HORSE",105592.902357,2001-05-09,105592.902357,"LUPA001614","{65F34A98-305C-4442-A00F-A22E67718DE4}",2015-12-30,2015-12-30,"{9C127B17-6B9B-4C84-9F34-01D6FB8C06EE}",0.985182116552,0.0439866737241,71,103.069404954147,109.131260794473,12.0829147637022,11.2670259595729,14.7978349960537,7.84851577025068,12.5211348768398,16.245166222504
"72",72,"Ash Meadows","NV0509","NV","NVS03000","BLM","HORSE",115783.130405,1998-10-05,115783.130405,"LUPA001613","{3B94FDE1-4B67-4F43-92D7-902D07AA67F0}",2015-12-30,2015-12-30,"{B961A541-3EAB-425B-A8D3-A91EE5509828}",0.923312717954,0.0471165300323,72,86.9430252828775,15.0710935464927,5.87278102404671,35.2823442189097,6.29114690826923,2.71620382287343,10.922679371558,0.304049607031054
"73",73,"Little Fish Lake","NV0614","NV","NVB01000","BLM","HORSE",28896.1018947,1986-02-26,28896.1018947,"LUPA001610","{4BA81DBF-DF02-4981-BB57-8EAD91DF7CB7}",2015-12-30,2015-12-30,"{F07EAE02-1AA1-4343-B407-ECEF2322D418}",0.481204920304,0.0120781235624,73,11.7396359351705,31.3517650170731,2.58166810945991,32.6878997739624,12.721805415284,7.27853123647381,22.4606598374453,1.27672774491415
"74",74,"Pilot Mountain","NV0314","NV","NVC01000","BLM","HORSE",481391.617921,2001-05-09,481391.617921,"LUPA001614","{74CD0434-8EDC-40DF-A7AD-F60220DA4D30}",2015-12-30,2015-12-30,"{825FA327-9C03-4569-835D-1DAC1C8C1097}",2.76528110959,0.199300945482,74,37.7072382637671,17.5185628275552,4.30629175634084,28.5264635080464,9.68730016901137,3.53395933377888,17.3489917258036,1.67390024174676
"75",75,"Whistler Mountain","NV0608","NV","NVB01000","BLM","HORSE",43444.4728717,1986-02-26,43444.4728717,"LUPA001610","{90668B98-4303-4A7F-B587-1C7A2CCD0974}",2015-12-30,2015-12-30,"{319435C1-4E41-45D7-AA6D-8908944FA374}",0.700280276201,0.0183897677612,75,11.2394110886882,89.5280139645279,3.57158992626761,21.2845549004198,18.7224747544557,9.19661707732226,20.8887695339497,12.7767926607244
"76",76,"Wassuk","NV0312","NV","NVC01000","BLM","HORSE",52309.9208008,2001-05-09,52309.9208008,"LUPA001614","{EE905FA3-2360-4C6F-AAB9-6241F820640A}",2015-12-30,2015-12-30,"{5D8E5801-DC1C-480C-9485-8DB49C33298A}",0.982314505501,0.0217038628567,76,33.8486690870154,74.711910458249,5.44448980274715,21.4902009335631,13.1344598551137,4.32186511853574,18.0895718659551,9.24376035201017
"77",77,"Silver Peak","NV0623","NV","NVB02000","BLM","BURRO",244614.392396,1997-10-06,244614.392396,"LUPA001612","{158CD24C-4659-41AE-95FA-5CD9D325AD44}",2015-12-30,2015-12-30,"{205E6994-EA53-4176-9720-EB5F0050757B}",1.26323455955,0.100375943779,77,40.7846311137352,21.6836074185342,4.13037714934026,26.3416108800537,9.93576073838032,4.08832952739839,14.9622286281558,5.69570392430965
"78",78,"Hot Creek","NV0616","NV","NVB02000","BLM","HORSE",54945.9598836,1997-10-06,54945.9598836,"LUPA001612","{7A9F4D73-3823-4241-91C4-005425FA2AA6}",2015-12-30,2015-12-30,"{5304D35A-FD86-4723-AD84-A441DDF8631A}",0.699287298882,0.0228255868069,78,15.9230593026215,36.0597353016035,3.0949064647493,15.9650738101298,13.8891002799695,4.98266098243828,12.2709945278697,21.8971112242301
"79",79,"Roberts Mountain","NV0607","NV","NVB01000","BLM","HORSE",100491.975631,1986-02-26,100491.975631,"LUPA001610","{6F7026E7-EFC2-4D8C-A493-C96C5E339AD3}",2015-12-30,2015-12-30,"{7A341348-1FF1-4E09-AC92-86EC12117817}",0.928694352434,0.0425319366016,79,14.5855552139905,63.447685896779,2.69580387334768,30.3438552447314,17.6984766198723,8.76659835365645,25.3419083239403,4.90310311848892
"80",80,"Flanigan","NV0301","NV","NVC02000","BLM","HORSE",17362.1248618,2001-05-09,17362.1248618,"LUPA001614","{AF16A474-30F1-44B2-86C0-210039B24E99}",2015-12-30,2015-12-30,"{AC2DA4D1-026C-4287-BB23-140C6F6822F6}",0.411163364996,0.00732375460471,80,243.652017412516,322.63670709094,21.2250141303162,8.87284698602834,13.6614475393418,22.4779715807114,13.1511695935427,2.63950340614991
"81",81,"Montgomery Pass","NV0317","NV","NVC01000","BLM","HORSE",38615.5423662,2001-05-09,38615.5423662,"LUPA001614","{3EC0B91D-2C26-42BF-B0CC-4E0664B9B927}",2015-12-30,2015-12-30,"{46278143-C132-4DEA-B1DC-116B213D6664}",0.501946741473,0.0158922371298,81,35.9869722027948,24.3340327203412,4.22358442698263,20.9899205990044,12.2184281619835,3.2883028665725,19.9878178668239,5.24105081755141
"82",82,"Fish Lake Valley","NV0622","NV","NVB02000","BLM","HORSE",67726.8667572,1997-10-06,67726.8667572,"LUPA001612","{7E8030E5-41DE-47AA-BB9A-83C373E1F7A0}",2015-12-30,2015-12-30,"{60C0AAB3-BBE5-4A70-AE3F-C78E8F6AA50C}",0.928139493447,0.0278186808017,82,42.3852995460277,11.4106817938564,4.61039828957639,38.612173454497,10.1206616144081,2.67531972547597,16.6782722424249,0.771377031976463
"83",83,"Callaghan","NV0604","NV","NVB01000","BLM","HORSE",157148.2018,1986-02-26,157148.2018,"LUPA001610","{FA441FBB-5BBC-4AF7-BE06-2205F2F67BD6}",2015-12-30,2015-12-30,"{1970B059-712E-41F9-8041-DF3A21949136}",1.21401631198,0.0664611587666,83,34.0970342215296,113.862096437525,6.03344560553769,16.7783305174211,15.921246986464,14.2233776083616,23.1040208166218,8.60042096612381
"84",84,"Hickison","NV0610","NV","NVB01000","BLM","BURRO",57634.2666012,1986-02-26,57634.2666012,"LUPA001610","{5D0A1DD6-7B61-4DF8-995B-4B1F599C169D}",2015-12-30,2015-12-30,"{E4CF276C-88D0-4696-97C3-10F12BDDAC13}",0.987797397482,0.0242380527508,84,20.7456877050531,22.7332174798879,3.89423379425027,41.9205674821351,11.9389102784977,3.97790594897455,19.3268924810115,1.14119938278078
"85",85,"Palomino Buttes","OR0006","OR","ORB00000","BLM","HORSE",74233.6233601,1992-01-01,71669.179544,"LUPA001808","{2B8D20DF-8F47-45D0-B94A-B7EF84927A7A}",2015-12-30,2015-12-30,"{FECF7BD3-5EDE-4B13-B3C4-B098C3E8824E}",1.00634652277,0.0334041912313,85,83.3810481197876,298.296778176017,10.512035924109,22.370778189058,15.0615522049378,22.8472660248956,17.0016018918408,0.630330311401688
"86",86,"Jackies Butte","OR0015","OR","ORV00000","BLM","HORSE",65300.12768,2002-12-01,65260.2755978,"LUPA001817","{E2C61E54-5D8D-45C0-B2CC-1E81D7EBE732}",2015-12-30,2015-12-30,"{C3E920BE-C1AB-49ED-8E61-1CCB50917657}",0.811895399656,0.0289934530805,86,297.336568355074,451.198926280084,25.2934542165928,15.10136958161,14.4145195191058,30.5991963384297,6.83972613378159,0.0975541932946367
"87",87,"Paisley Desert","OR0001","OR","ORL00000","BLM","HORSE",303632.455887,2003-11-14,297464.859938,"LUPA001816","{2D1D3A81-0BA8-4B1B-83CC-921476C6777C}",2015-12-30,2015-12-30,"{3D887D61-1071-45BF-BC1B-1136E54A9373}",2.06210183671,0.135742410859,87,37.8766748443607,134.888747154082,5.51367351470514,30.4587927155206,13.6611138607901,12.5759955695982,23.6478804433612,0.199041149764167
"88",88,"Pokegama","OR0018","OR","ORL00000","BLM","HORSE",85022.3180299,9999-09-09,16863.3333832,"UNK","{03CF2930-259B-494C-A14B-E549DCA076E5}",2015-12-30,2015-12-30,"{0CEBDECB-CE8D-4D9C-A6BF-EC26D8F49751}",1.1252464777,0.0374213953429,88,183.119049005337,313.703629306162,12.1383289665211,6.24399805919457,14.4332285298399,10.2638350315381,12.7847704997574,32.5203512857836
"89",89,"Warm Springs","OR0007","OR","ORB00000","BLM","HORSE",499427.609501,1992-01-01,474515.079632,"LUPA001808","{3C6CC88A-1C19-4C85-BB84-C0B9124B06F6}",2015-12-30,2015-12-30,"{69FC78FE-C4FE-4F3B-8716-0196A4F0FA9E}",2.70137466313,0.223576835277,89,67.2927233641423,232.723307621995,9.73450157185001,24.5111786828683,16.5896873775799,19.5145331972514,18.630976132177,0.11943234093586
"90",90,"Hog Creek","OR0011","OR","ORV00000","BLM","HORSE",22397.0563671,2002-12-01,21828.7360975,"LUPA001817","{6BC78C3A-5826-47D1-BBEA-0A144A4E7097}",2015-12-30,2015-12-30,"{4FEC7442-E613-4A9E-93CE-57BC9FEC4458}",0.586425234661,0.0101439340752,90,185.673026805659,396.757130992611,20.5910060713672,10.9023283120454,12.7674981384959,27.8490892949195,10.6801076808523,0.132667964946446
"91",91,"Murderers Creek","OR0019","OR","ORP00000","USFS","HORSE",75615.308998,2007-10-23,0,"UNK","{4D59BB89-E2CD-40A5-89B3-846F71CA5EFB}",2015-12-30,2015-12-30,"{8FC332F8-1C73-4875-B532-3FBFE45616CA}",0.896531021151,0.0344636380686,91,49.6743190038191,405.76364310826,5.76915473008861,4.70205626701964,14.4920771753518,18.2586478716498,7.34156458398321,39.5754913036514
"92",92,"Murderers Creek","OR0019","OR","ORP00000","BLM","HORSE",67121.042849,2007-10-23,34878.8634302,"UNK","{8ED1A4B7-22B4-4B42-9B3C-F8E966F1BF06}",2015-12-30,2015-12-30,"{C1A90567-9A05-4975-9648-23CDE40847FD}",1.27255435126,0.0305815192097,92,169.959512853025,487.020261382039,16.553242818405,8.85519036153733,13.2221367411776,26.5214557421892,11.5926638267964,11.7287401518713
"93",93,"South Steens","OR0003","OR","ORB00000","BLM","HORSE",134490.869753,2005-01-01,126746.238094,"LUPA001818","{B0E81CC9-0109-4B29-974F-17163630A001}",2015-12-30,2015-12-30,"{99B25428-0193-445D-B26D-4BFFA45D9CFA}",1.61542231977,0.0597447704871,93,91.4240078573999,476.662543881828,10.2242081821983,10.6078532669474,13.8429735590715,27.5971939941458,18.6513242344384,5.59634917779312
"94",94,"Coyote Lake-Alvord-Tule Springs","OR0014","OR","ORV00000","BLM","HORSE",588742.518353,2005-01-01,553906.247737,"LUPA001822","{CC99001B-DFFB-4801-A28F-F92B544FFA64}",2015-12-30,2015-12-30,"{1C7F246A-18C1-4144-AFBC-F75DAB142CFC}",3.60824301272,0.26103421924,94,97.1483003630125,92.7249223795391,10.3549537282167,37.3806289267578,12.364871952324,6.50315587446172,17.770183615273,0.0494013646287754
"95",95,"Sheepshead-Heath Creek","OR0016","OR","ORV00000","BLM","HORSE",205396.833378,2002-12-01,198966.03466,"LUPA001817","{66B6BCB7-F391-4545-8845-D8077E5090DE}",2015-12-30,2015-12-30,"{33443F21-0960-44C1-820B-57AC08C2DEA1}",1.64468902671,0.0915853009292,95,195.582700175336,272.229177157621,20.341214600712,14.2923488925914,13.6551224537215,19.6741207622162,14.8097052593681,0.116619495371556
"96",96,"Riddle Mountain","OR0009","OR","ORB00000","BLM","HORSE",32687.4035905,2005-01-01,28389.9578549,"LUPA001818","{6C592B6B-1A6B-4A22-BC75-3F974F1BF09D}",2015-12-30,2015-12-30,"{15E60A1A-CCCE-4586-B627-9893A893225F}",0.851080442037,0.0146078247631,96,113.505260854864,609.395996181156,9.83559082681942,9.6374634524733,12.0145742586073,31.2858613282415,18.7120353243034,8.02348986614158
"97",97,"Beatys Butte","OR0002","OR","ORL00000","BLM","HORSE",438109.126219,2003-11-14,399787.41995,"LUPA001816","{3216B9AC-B335-4EBE-9457-FCEAF9B157D8}",2015-12-30,2015-12-30,"{B3CA77D8-B67D-4044-8EC0-1ECBC638AFEA}",2.23125118783,0.193410493114,97,44.7923020277606,196.021498790644,6.77895761413781,24.1682020978698,15.6413493569439,15.5973930777732,22.9962335527736,0.0825625510000612
"98",98,"Sand Springs","OR0017","OR","ORV00000","BLM","HORSE",207394.062704,2002-12-01,192658.144652,"LUPA001817","{1DE224FE-F07C-46AB-97FD-0E211EE6A2D2}",2015-12-30,2015-12-30,"{444E9091-080E-4032-B061-0D435BC86FF3}",1.70732476981,0.0925952782772,98,181.189022936212,216.007184430987,19.2295754761382,17.0620917134699,14.6929646073233,16.112077594051,17.8688266762888,0.0542813215776097
"99",99,"Kiger","OR0010","OR","ORB00000","BLM","HORSE",30305.5425725,2005-01-01,26879.4182501,"LUPA001818","{D02C5CF9-B86D-423A-89B1-12C240FDC47D}",2015-12-30,2015-12-30,"{9A87E4B5-6088-4C9B-9673-6F0C48ECB79C}",0.932333375683,0.013535731443,99,221.063305739899,581.161681786724,21.0306281753462,8.60331443102625,12.647408488334,32.6935197454895,12.2738992580353,2.16977741058064
"100",100,"Three Fingers","OR0012","OR","ORV00000","BLM","HORSE",71542.4264824,2002-12-01,62770.2100881,"LUPA001817","{CB6F6081-79D8-49E7-B130-70A0988BC6B0}",2015-12-30,2015-12-30,"{5F0A829D-0486-4209-9FDD-776283C059CF}",1.1924851541,0.0321943387218,100,227.494134364885,474.847583710203,21.2876518287113,11.7070610923773,12.9280109170059,29.139139947445,8.4657524050119,0.297777126165853
"101",101,"Cold Springs","OR0013","OR","ORV00000","BLM","HORSE",32686.9749837,2002-12-01,29904.3446263,"LUPA001817","{BA4C6C90-A1EC-4EFB-A274-45B93E14FB28}",2015-12-30,2015-12-30,"{7D02EFEC-DB0D-4F19-9F8D-5E426B36AC0B}",0.743096594594,0.0147063767111,101,125.719359665019,355.928446219861,13.820253902103,16.4663908077761,12.7997027439401,27.0834835250026,14.8315565453118,0.117722287785344
"102",102,"Liggett Table","OR0037","OR","ORP00000","BLM","HORSE",28833.2125339,1989-01-01,28081.404821,"LUPA001806","{C087916F-5EE3-4042-A998-9006A9CAD852}",2015-12-30,2015-12-30,"{EDAF7914-0F90-4125-93C4-9F718F65EB49}",0.534211728922,0.0130927108789,102,65.5680894139834,424.850492276118,6.92236181601353,18.3834096014643,14.7083894944116,24.3703081232493,10.6655406717142,13.0596888260255
"103",103,"Sand Wash","CO0143","CO","CON01000","BLM","HORSE",158222.524762,1989-06-30,151435,"LUPA000607","{A474D8E9-577A-4986-9083-D38814D0CC72}",2016-05-05,2016-05-05,"{E9FF4250-EA15-4D25-81FF-216AF2308E1B}",1.34997140084,0.0682028314898,103,38.5833657213621,205.352477231659,5.49144476873883,30.2098595193652,14.138324390688,15.5404857458954,17.9299694505464,1.9481692156489
"104",104,"Spring Creek Basin","CO0384","CO","COS01000","BLM","HORSE",21853.6059165,1984-12-31,21043,"LUPA000612","{24ABDE68-454A-4FE8-89E9-2B2D8DD32C90}",2016-05-05,2016-05-05,"{70374FD4-087C-47FE-9D44-01C330B73D21}",0.436769165561,0.00904841826058,104,13.8746208291203,135.404384740077,3.01572856982362,25.5664451827243,14.149108446884,11.7800487906656,12.2996693790425,7.68341438361661
"105",105,"Piceance-East Douglas","CO0161","CO","CON05000","BLM","HORSE",190301.37923,1977-01-31,158332,"LUPA000605","{A52EA67B-7287-4959-B350-CAB4CE3BC7C9}",2016-05-05,2016-05-05,"{8EBE33DD-2005-4DEB-AE64-CD353ACDDF7B}",2.26201961739,0.0810811690394,105,5.84130743426327,136.922724687272,3.13448496710364,14.164080491945,15.8335430877341,12.2560765327374,16.1343971837672,21.2418995239098
"106",106,"PRYOR MOUNTAIN WILD HORSE RANGE","MT0251","MT","MT001000","BLM","HORSE",33120.3059378,1984-01-01,23815,"LUPA001206","{2E49CEE1-932E-45C9-A474-6A9BBDD0FA86}",2016-06-03,2016-06-03,"{964B8145-2389-49C8-8CFD-FD0C9160F259}",0.829750748937,0.0164525956905,106,30.0105781112092,314.950763459841,3.39206531332745,23.1793865842895,10.5760900264784,16.7135039717564,8.35120476610768,14.2927493380406
"107",107,"McGee Mountain","NV0210","NV","NVW01000","BLM","BURRO",41524.7756226,2015-05-21,41524.7756226,"LUPA001620","{DB917532-43EF-4274-8BFD-DF0A8032CB48}",2016-10-06,2016-10-06,"{13A2167A-EF47-4D02-93BA-4F9792CB10F5}",0.515251603823,0.0149385901425,107,103.557443397143,202.732834515596,13.6109658925275,21.6645855601982,16.2693421436206,16.0668691089301,16.5930813332038,0.0453891750072879
"108",108,"Tobin Range","NV0231","NV","NVW01000","BLM","HORSE",199723.443689,2015-05-21,199723.443689,"LUPA001620","{8012B26D-70A8-416F-9E89-2FDEF1300235}",2016-10-06,2016-10-06,"{09E81300-CECB-48C5-ACA2-A926B774193F}",2.00107525789,0.0851880483489,108,139.392339545396,110.005101740679,13.5851493648827,21.0073201112084,17.5295954670898,11.0055518942685,18.9700059594197,3.38585920934955
"109",109,"Fox-Lake Range","NV0228","NV","NVW03000","BLM","HORSE",179803.442065,2015-05-21,179803.442065,"LUPA001620","{AD301DD5-B2D8-4445-A0A7-CE17323A46C6}",2016-10-06,2016-10-06,"{5ADF8E35-BDE8-4B10-B412-3884C32669CD}",1.76633388357,0.0755529777136,109,202.094651697058,75.3093230032778,16.3212807474551,24.7300673824652,14.1697336422097,7.92042909461421,15.0947699287726,1.42932819393846
"110",110,"Jackson Mountains","NV0208","NV","NVW03000","BLM","HORSE",286430.134608,2015-05-21,286430.134608,"LUPA001620","{0C603E50-4AD7-40C4-A8D1-B97182ED811F}",2016-10-06,2016-10-06,"{BB1E261C-0219-4FE8-884D-35692974A8A0}",1.7874506868,0.11516557909,110,106.216899601818,112.102474229145,8.8531461695926,24.8034282521476,13.466149462763,11.2953548766291,20.1114241858201,2.32875514124308
"111",111,"Seven Troughs","NV0216","NV","NVW01000","BLM","BOTH",150396.711024,2015-05-21,150396.711024,"LUPA001620","{664D2BEB-7E40-49BC-92A0-EA894A6E127B}",2016-10-06,2016-10-06,"{A99578B5-398F-4592-AF2E-5DB7911C3E05}",1.26191375666,0.0499896073689,111,184.159140709914,91.5938162965202,14.2924079767973,23.2851164493836,15.756280187621,9.51752698359188,16.4355924765619,0.986676760690268
"112",112,"Kamma Mountains","NV0214","NV","NVW03000","BLM","HORSE",57955.0233345,2015-05-21,57955.0233345,"LUPA001620","{813F3F37-7CF2-48C4-B6E3-2096A74DF1FD}",2016-10-06,2016-10-06,"{0F176040-240D-4D6A-BD38-A60B1BA32D12}",0.706796957935,0.0196636517903,112,157.893943758725,36.3567782776017,14.0533457427556,27.9699477770145,14.7986349635473,6.53527821481596,15.6287920756975,0.15353705468271
"113",113,"Granite Range","NV0221","NV","NVW03000","BLM","HORSE",104991.430307,2015-05-21,104991.430307,"LUPA001620","{680CCF0A-E042-432F-A6DC-0E565659A58B}",2016-10-06,2016-10-06,"{C4396CEC-CDCB-4361-BD69-B0BC2DB0F0EA}",1.82877457501,0.0448952868357,113,139.699343349452,279.08135089794,16.2728666946001,14.4582770486154,13.6241399560292,19.4155098303451,18.2290899913773,1.86275534388008
"114",114,"North Stillwater","NV0229","NV","NVW01000","BLM","HORSE",180444.692573,2015-05-21,180444.692573,"LUPA001620","{D462DFC5-CFBB-4987-B397-CFF33BD1D5D3}",2016-10-06,2016-10-06,"{192DB60D-B27B-448D-AB1A-AD4014334778}",1.69677427287,0.0764764078462,114,128.466385150213,43.2776852472591,11.3137167578572,22.5544418130748,15.6265485145845,5.30602237571526,16.109881626351,7.21492613279195
"115",115,"Lava Beds","NV0215","NV","NVW01000","BLM","BOTH",235480.97795,2015-05-21,235480.97795,"LUPA001620","{A4008A4A-281D-4228-84E5-79D659AD6F82}",2016-10-06,2016-10-06,"{DC77ADAB-307C-47D0-B657-92C30F7DCAB6}",2.07774894355,0.0922191888491,115,126.006729254615,45.4522895532733,9.0893280196585,33.1868155755781,16.3854120723332,6.36326318442442,19.9135797996346,0.226392476844559
"116",116,"Buffalo Hills","NV0220","NV","NVW03000","BLM","HORSE",133437.47781,2015-05-21,133437.47781,"LUPA001620","{EB6AC601-40E5-4A9D-A032-95A497A633BC}",2016-10-06,2016-10-06,"{E244C42B-0404-45F6-959F-FB3DDDDB9E51}",1.23458195893,0.0541612038785,116,152.599956822976,179.538715175115,15.489418276754,16.2830066227119,14.3185016231611,13.6703300092388,18.2383103569882,2.52048562084404
"117",117,"Blue Wing Mountains","NV0217","NV","NVW01000","BLM","BOTH",18044.6921827,2015-05-21,18044.6921827,"LUPA001620","{FB4C135C-BACC-44B7-A9FD-858DF8B0499C}",2016-10-06,2016-10-06,"{E4013A6B-A4A3-4A72-88E9-732E9E28D5C9}",0.552116801452,0.00766169879062,117,38.7774791570062,15.6307028418393,5.07645427790028,31.588335494128,9.09712220003596,3.42688154744443,16.5000804383416,0.848984111061691
"118",118,"Little Book Cliffs","CO0766","CO","COS08000","BLM","HORSE",36055.654871,1987-01-31,35178,"LUPA000603","{C3D43397-A485-49BD-807F-7F72DC6EBE1F}",2016-11-02,2016-11-02,"{E50F00A4-C0DC-4039-8C2C-2B124D1326D3}",0.862168001706,0.0151941456702,118,7.20118937213771,119.732979262475,2.95398831661775,14.7380608644938,16.0082940540954,9.71220827397627,12.0569588787013,24.1134349335042
"119",119,"Divide Basin","WY0002","WY","WYD04000","BLM","HORSE",777614.261463,1997-08-08,561213,"LUPA002205","{A7DA8992-3EC8-42E6-8883-16D8B80F04AF}",2017-01-05,2017-01-05,"{088D7645-ACF8-488E-9D09-20BD5705D504}",3.42867910297,0.341800715125,119,3.93138522422115,183.735524364714,0.917175971262366,37.0493016055604,12.1764915976162,19.9338628188912,19.0899391724056,0.0403632700680175
"120",120,"Conant Creek","WY0029","WY","WYR05000","BLM","HORSE",57679.9664759,1987-06-09,49528,"LUPA002202","{B2BFB76B-BF10-4F3E-90A0-054E53BD78F5}",2017-01-05,2017-01-05,"{3A893FDC-F7A8-421D-8369-9D8ACB1954B5}",0.811059720975,0.0257250332365,120,12.9574669320572,288.828766639845,2.41858863055661,30.7020313669024,15.1483222518669,27.1115458998574,14.7265997543726,0.103067519304338
"121",121,"Dishpan Butte","WY0028","WY","WYR05000","BLM","HORSE",99321.2782275,1987-06-09,92282,"LUPA002202","{711CDA9C-876D-477C-AE6E-099CFE591622}",2017-01-05,2017-01-05,"{D07E014E-935C-42F4-BB3E-CB1461159E7D}",1.42772117203,0.0441262486801,121,18.5181720037259,395.452680707922,2.58112066723938,19.7440680141795,17.3344524206847,31.3414565909308,21.1042545067952,0.233571633110503
"122",122,"Adobe Town","WY0009","WY","WYD03000","BLM","HORSE",478992.045278,2008-12-24,444244,"LUPA002212","{C955BD32-7A50-40E1-B9E4-124E7D423109}",2017-01-05,2017-01-05,"{61E0F07D-E51F-43BD-8AA8-BF432AFBD068}",2.76133540072,0.208045479182,122,10.6153995463719,157.995114962291,2.22646459490983,43.7465167094263,10.7688291095602,15.0548267195818,16.9025649153541,0.460943961185019
"123",123,"McCullough Peaks","WY0012","WY","WYR02000","BLM","HORSE",120634.620143,2015-09-22,114304,"LUPA002203","{BEE41DE4-FA51-4BAE-93F0-5E5C0D8205BC}",2017-01-05,2017-01-05,"{D470855D-54FF-407F-855E-B77935A8C19C}",1.28016045545,0.0553027582482,123,39.2781119420336,247.857922757921,4.27016993992925,37.4727711229539,9.83252831784822,21.4986870606842,11.3751538549448,0.364358722081157
"124",124,"Muskrat Basin","WY0027","WY","WYR05000","BLM","HORSE",193754.55518,1987-06-09,176421,"LUPA002202","{69C6B3F6-DA5E-4917-8E8F-12C82705A093}",2017-01-05,2017-01-05,"{FB5B6DD3-1C10-401E-BC5B-628837F71B75}",1.86576245344,0.086206809154,124,27.4041462563885,318.57071097698,4.4361834422724,23.9749743449754,16.9364336735468,28.0802062849334,16.9907448129669,0.249036567467238
"125",125,"Stewart Creek","WY0033","WY","WYD03000","BLM","HORSE",166896.688402,2008-12-24,157500,"LUPA002212","{EE4FA0AE-8B56-4F39-9448-1AED12DEC29B}",2017-01-05,2017-01-05,"{C46E659C-C97D-4F7A-9077-F4469E7BDF5B}",1.17920454459,0.0735621345918,125,9.31512193966151,259.342596002247,2.28961447065363,27.1936660285768,15.2579534987497,26.9446026780029,19.0916341780537,0.0380928781077263
"126",126,"Green Mountain","WY0037","WY","WYR05000","BLM","HORSE",116793.357533,1987-06-09,99363,"LUPA002202","{A4AF6CC0-9FD0-4ACD-8C18-E872C6F518A3}",2017-01-05,2017-01-05,"{A42E6A46-98D4-4E90-A4D4-34AEC5382192}",2.00327494944,0.0516437016119,126,21.2645573090577,366.198664370321,4.00931144775228,13.4221278689677,15.4864011809778,29.9811774630066,18.4941379916347,9.47953042072335
"127",127,"Antelope Hills","WY0031","WY","WYR05000","BLM","HORSE",158507.449187,1987-06-09,150782,"LUPA002202","{50B8FAA1-251B-480A-AAE2-AA04169D0083}",2017-01-05,2017-01-05,"{2DC90A41-2472-4D1A-A7DF-ACF29B353C0B}",1.27908003501,0.0699882164051,127,4.38693550763586,234.147891240602,0.886865986955015,29.404839677009,15.1143469932824,24.7382162445966,19.6171703630225,0.0191565792504633
"128",128,"Little Colorado","WY0039","WY","WYD04000","BLM","HORSE",631232.450188,1997-08-08,525421,"LUPA002205","{26D0D647-6A95-45BA-B01F-F7CE96408E69}",2017-01-05,2017-01-05,"{52029EE4-92F4-4BAA-A50F-C11C6671F789}",3.10863155933,0.278349515088,128,1.91705829415754,157.435601359005,0.715914187852298,34.7602010796577,13.4194469370081,18.0183806386988,20.894571470245,0.0919913863260927
"129",129,"Crooks Mountain","WY0036","WY","WYR05000","BLM","HORSE",58382.7547355,1987-06-09,54721,"LUPA002202","{C59BB967-6990-41FF-9C98-768889D5FB6B}",2017-01-05,2017-01-05,"{AFCEFF3E-24C6-4D38-AAD8-FF06653B24E9}",0.749958064423,0.0258614267006,129,7.55391998562246,344.561552437302,1.37669996152885,19.7012616852611,16.1725950616521,31.6645568376152,20.217305840033,0.43832962194372
"130",130,"White Mountain","WY0003","WY","WYD04000","BLM","HORSE",392769.883643,1997-08-08,207372,"LUPA002205","{A0BE00D5-A43B-4FA2-9BE1-A08D662358F8}",2017-01-05,2017-01-05,"{A6640EF7-156C-40C7-985E-470B4346B808}",2.19826221216,0.172119210575,130,5.34300619098897,185.021440603301,1.25789739296577,35.7613528188579,12.8930442517309,17.3436876554921,20.7983291249911,0.12244123792774
"131",131,"Salt Wells Creek","WY0001","WY","WYD04000","BLM","HORSE",1170067.37848,1997-08-08,687546,"LUPA002205","{2EFF2D06-0A44-46F7-8C9A-177182A6FE12}",2017-01-05,2017-01-05,"{A7902ADC-1E41-4614-BED1-EEE229EB9F05}",4.53673317318,0.509665233982,131,12.0926027656497,231.240334554718,2.37716209327979,29.7783906312367,13.5448538478452,20.2929428608438,20.920075491842,0.970928601242019
"132",132,"Lost Creek","WY0035","WY","WYD03000","BLM","HORSE",251896.298777,2008-12-24,235968,"LUPA002212","{9F608BD4-74CD-4BCB-9D74-C4A315A638D0}",2017-01-05,2017-01-05,"{C25292EA-AF0E-437C-83C6-D94C27FB910D}",1.90529355522,0.110849880726,132,3.56631637845803,179.330400906263,0.8738287599745,37.7364530583443,12.4474177846995,20.7674961196173,17.3848003003406,0.0183952087020161
"133",133,"Fifteenmile","WY0011","WY","WYR01000","BLM","HORSE",81111.5831725,1998-09-01,68607,"LUPA002207","{6DFB4C0A-A4A1-49EB-8C2A-C69BF7D4195B}",2017-01-05,2017-01-05,"{6DF80EC6-96BC-493B-BF68-E40ABD122E29}",0.951398920979,0.0369504848825,133,61.1393625009337,227.148901792278,6.21312935145399,39.3919777960365,9.27647826582642,16.3418635918685,12.2060942960817,0.745989094583066
"134",134,"Rock Creek","WY0026","WY","WYR05000","BLM","HORSE",24497.0076175,1987-06-09,19107,"LUPA002202","{BE6946E5-D264-49BE-A983-A3B3209F40D3}",2017-01-05,2017-01-05,"{483954DA-B8B2-487E-9C3E-C61B016B1CBE}",0.623868527589,0.0109065323197,134,34.7531229191637,384.331202556932,4.82047542948462,22.0583433213477,15.8095219070449,29.4974896790518,17.2379611133307,0.876774537222
"135",135,"Stinkingwater","OR0008","OR","ORB00000","BLM","HORSE",85448.670935,1992-01-01,71927.699705,"LUPA001808","{1C321D17-1318-4AD0-B32A-E9D5880F1899}",2017-02-03,2017-02-03,"{00E883E3-4412-4AAB-B6B6-1C1F69DA8B15}",1.59878889345,0.038562258623,135,165.570507303016,481.98227688367,19.3767301697916,10.2487734134421,12.4386311199842,28.7948488073153,9.87263087513773,4.7959449660511
"136",136,"Pancake","NV0415","NV","NVL05000","BLM","HORSE",853025.276497,2008-08-20,853025.276497,"LUPA001619","{C68D74BA-9099-4012-B93B-331CBEFBD6AE}",2017-03-06,2017-03-06,"{ECC49759-7303-4DCA-94F3-D5210E3BEAD5}",4.82310455582,0.357740063681,136,29.25652067099,73.3812233262813,6.53734828212115,29.7192844641704,14.5179151963551,7.45793521560283,17.7037695471914,5.0832242358779
"137",137,"Eagle","NV0414","NV","NVL05000","BLM","HORSE",660699.644363,2008-08-20,660699.644363,"LUPA001619","{54ABD53C-EC0C-46DA-9B35-59E9D8251DC9}",2017-03-06,2017-03-06,"{31B14064-D310-496A-8517-5ED73B55EEE5}",7.61884371011,0.274580091311,137,41.7441938100108,96.6125775785493,5.96847656388462,16.378042896421,17.5601410658556,6.46306385473137,14.9375604770125,20.0412489597557
"138",138,"Silver King","NV0416","NV","NVL05000","BLM","HORSE",576458.022381,2008-08-20,576458.022381,"LUPA001619","{F5C1FD97-B301-496E-84AC-849F4A1B7F11}",2017-03-06,2017-03-06,"{DABB2BB6-A556-4B9C-BF88-97DD46F8075E}",4.48429267627,0.239122685686,138,98.2577711662307,75.2525584986254,11.364974202413,23.5383622936102,14.8626595872629,4.44141542315453,17.4377565635938,9.3170342433052
"139",139,"Fort Sage","NV0320","NV","NVC02000","BLM","Horse",1975.32913773,9999-09-09,1975.32913773,"LUPA001614","{84A95415-5FA9-477D-9EDE-DE72DA3E2B00}",2017-03-06,2017-03-06,"{36BF1D35-501D-4EE8-8F8E-0FE374A46DB0}",0.115401675281,0.000842825781989,139,269.742721791559,465.393712316968,22.6150732127476,7.46942291128338,12.9391903531438,30.2692506459948,13.0948320413437,2.07846683893196
"140",140,"Antelope","NV0401","NV","NVL05000","BLM","HORSE",327746.852395,2008-08-20,327746.852395,"LUPA001619","{A3279DB2-8609-4777-87BD-50B58EC67490}",2017-03-06,2017-03-06,"{D3CA9BD3-1D52-41B3-954D-1D3181485C62}",2.97170426297,0.139632765435,140,36.4856580387955,106.241443428194,7.03286462139396,20.1808071692902,15.0231790060047,8.72217544060396,16.7980615246184,13.4358027613002
"141",141,"Diamond Hills South","NV0412","NV","NVL05000","BLM","HORSE",19345.401846,2008-08-20,19345.401846,"LUPA001619","{89F53C3B-5311-4629-9DB4-B5408868C9E1}",2017-03-06,2017-03-06,"{F07882C4-33D9-4235-9993-15B5301E48BC}",0.572923671125,0.00823693514241,141,36.7151613500666,171.130341220775,6.90504202421794,19.4182401862647,18.6603314312928,13.3419616005362,22.7989011085927,9.04785381040154
"142",142,"Triple B","NV0417","NV","NVL05000","BLM","HORSE",1235921.58805,2008-08-20,1235921.58805,"LUPA001619","{377A1AB8-7478-446C-A0AF-33CED9322FEA}",2017-03-06,2017-03-06,"{C4FCD8AB-969D-4BDE-BB41-B7FFB8F02F84}",7.37591103041,0.524450277639,142,14.3506360974299,112.267133223515,3.61637491284084,26.5039524386216,16.2185703197002,8.4156568667571,20.3199861237767,10.8512405163561
"143",143,"Pryor Mountain - WY","MT0251","MT","MT001000","BLM","HORSE",4332.65233622,1984-01-01,24641,"LUPA001206","{C14897A7-3D5D-4129-987D-2D7BB0FCA47F}",2017-03-06,2017-03-06,"{6303AA79-A4A5-426A-9F4C-1612CA51EFE0}",0.235361054849,0.00200050937433,143,26.7103981979363,209.099440488301,2.73684784188345,46.720425810202,8.54755849440488,12.220425810202,9.6530300828368,1.47416799883738
"144",144,"Pryor Mountain - MT","MT0251","MT","MT001000","BLM","HORSE",27308.219504,1984-01-01,24641,"LUPA001206","{81ECC99F-28A3-4E15-8297-0313BCB4DEFE}",2017-03-06,2017-03-06,"{A482C6E5-6E22-481D-994F-F8BF0DF3FCAA}",0.639175414583,0.0126238254719,144,32.1359696797161,312.681217182261,3.6341091691253,20.5793865778683,10.9914882359369,16.156357655124,8.37996399753849,14.8902960138489
"145",145,"Muddy Creek","UT0651","UT","UTG02000","BLM","HORSE",283474.317604,9999-09-09,252057.957,"LUPA002015","{35EBB862-275A-4D88-BDA5-7544821F9031}",2017-04-08,2017-04-08,"{57AFFF64-8711-454B-97A2-0B956FE88B63}",3.29485404014,0.11895165521,145,8.8050999263694,93.2648021315021,2.47745536068614,34.8069913658049,8.20341521430412,8.68301660779068,8.78851228336669,2.78218530245325
"146",146,"Frisco","UT0445","UT","UTC01000","BLM","HORSE",60367.1833667,9999-09-09,48851.617,"LUPA002003","{A8D261EF-2807-4728-8FED-FE63729ACB3D}",2017-04-08,2017-04-08,"{AA97BCCE-197A-4506-9C52-11FB590AF8D6}",0.871962382827,0.0252393747925,146,72.4923632931644,110.670640401459,10.642671753968,12.3736260258048,14.2027381651186,7.90266795575659,10.639210202226,18.4781171230275
"147",147,"North Hills","UT0447","UT","UTC01000","USFS","HORSE",60625.2067911,1983-06-10,50065.275,"LUPA002003","{E77AF715-6EF5-47CA-963B-69B67745CE9C}",2017-04-08,2017-04-08,"{9D8D1C02-CE0C-452A-B82A-04E89230556D}",0.967929184819,0.0250402454992,147,156.670015171249,178.463384493997,15.3731315141371,14.8777974710716,14.5491035038914,10.5923894282789,13.7273323257845,13.5940980068517
"148",148,"Diamond","NV0609","NV","NVB01000","BLM","HORSE",166305.433974,1986-02-26,166305.433974,"LUPA001610","{07DAC2FC-2E34-43A0-8E25-BDC82BB7CCFF}",2017-04-08,2017-04-08,"{0E1B463E-2BAA-4FFC-A52D-7ADB66257A37}",1.53374450765,0.07053923356,148,30.6463538561805,238.915181223546,5.75043114143601,22.0862931514663,15.9167307587369,15.5908115137157,23.4561049112544,6.10202427982649
"149",149,"Four Mile","UT0444","UT","UTC01000","BLM","HORSE",61272.9036144,1983-06-10,52966.541,"LUPA002003","{38ECA1F5-8C71-4A57-8DDA-EAA2B06ED8D2}",2017-04-08,2017-04-08,"{63DB8722-9EBB-4653-8AF8-2D8998C244D5}",0.651333448042,0.0254667253269,149,39.6248296002236,66.5839792839502,5.60137289460025,15.5401658652886,16.5055725717675,5.27080588399697,11.6328234173497,20.8114280499421
"150",150,"Nevada Wild Horse Range","NV0524","NV","NVS03000","BLM","HORSE",1299285.43934,2004-07-01,1299285.43934,"LUPA001616","{6BA268A0-2909-4B0A-8AB0-D604A3871233}",2017-04-08,2017-04-08,"{B9192E5D-06FF-4CC8-9116-72611D14E749}",3.56387362405,0.537000281575,150,71.8761867756799,14.2896558318408,6.56188138930976,33.8133284573664,10.7908606455778,4.49471057218814,15.0338674581818,1.09757456259994
"151",151,"Stone Cabin","NV0618","NV","NVB02000","BLM","HORSE",410006.842526,1997-10-06,410006.842526,"LUPA001612","{DEB125E8-8451-47BD-B2E3-0316EE00CE1B}",2017-04-08,2017-04-08,"{040A7765-BACD-4515-86F8-8AF5963D2E06}",2.47887391091,0.169724044606,151,55.7852563471652,29.4403360049981,5.96761437307167,37.2817769067171,12.9573378065532,5.89008973541532,13.886050143996,6.21338029073076
"152",152,"Cholride Canyon","UT0442","UT","UTC01000","BLM","HORSE",63683.6329651,1986-10-01,42530.986,"LUPA002006","{23C88F8A-15A8-43FE-9BE9-F68BB7D94F6D}",2017-04-08,2017-04-08,"{18B13C9C-F2C8-4D3E-A476-4641F6982226}",0.638294391367,0.0263239333931,152,136.255247765147,111.701801677519,12.9595270941397,13.2702737004746,16.0190045248869,6.52120350954641,10.5253586800574,20.9311803332965
"153",153,"Mt Elinor","UT0446","UT","UTC01000","BLM","HORSE",42640.2997289,1983-06-10,37454.916,"LUPA002003","{D33F9596-D2FD-4CA7-82FD-53573C7CF038}",2017-04-08,2017-04-08,"{506C2CED-EC95-4F2F-9388-EC51C1265C75}",0.581518044913,0.0176517018354,153,26.7450342296679,72.0591037751374,2.82060691834249,12.6691982358556,18.5302060362703,4.68693019122536,10.4593440410756,30.0503776783069
"154",154,"Conger","UT0553","UT","UTW02000","BLM","HORSE",170992.716559,1987-03-30,151620.063,"LUPA002007","{D614CF39-E9A1-4E41-851C-BCF78755D6EB}",2017-04-08,2017-04-08,"{CCFA3733-3FC7-4028-B01C-3467390DD2E7}",1.12052868556,0.072105175497,154,130.612330080659,77.9974154532928,15.7708868842816,23.9923531260324,13.6523482510495,4.86830092745542,15.0780621741618,2.95918511236634
"155",155,"Calico Mountains","NV0222","NV","NVW03000","BLM","HORSE",162605.064108,2015-05-21,162605.064108,"LUPA001620","{6C939F46-6A26-4393-A981-4FA1027E0EDD}",2017-04-08,2017-04-08,"{789366B9-D6DD-440F-9902-5A9D3485299A}",1.52326793327,0.0702165515555,155,99.2949718266741,193.521870526812,13.1675506168345,19.6198235133503,14.3870832954104,16.4004573511282,17.501623793015,0.305523378482364
"156",156,"Little Owyhee","NV0200","NV","NVW01000","UNK","UNK",463133.420674,2015-05-21,463133.420674,"LUPA001620","{0CE827BE-F18D-4C32-9CF6-D4458C19651B}",2017-04-08,2017-04-08,"{C29004C8-6BE8-4CC8-AA77-FE77E13CB791}",2.11180440925,0.200726396776,156,53.1230777358207,153.277057881048,6.64557066912524,35.8343726525762,15.9102587575642,10.3642930337508,22.3315510401394,0.113054100564901
"157",157,"Antelope Valley","NV0107","NV","NVE03000","BLM","HORSE",505107.684174,1985-07-16,505107.684174,"LUPA001609","{D53DC315-0E01-4602-A490-E3DC0621B4FC}",2017-04-08,2017-04-08,"{31DA9C78-EDBF-4129-AAF1-F3980A51C9A5}",2.4398399649,0.216104960206,157,53.0460284486215,112.405195404045,9.91410799022249,23.121842146213,14.4098576359003,9.47254435455547,18.0674299480507,5.87224503335519
"158",158,"Kingtop","UT0011","UT","UTW02000","BLM","HORSE",171467.036973,1987-03-30,161575.435,"LUPA002007","{85BECDB3-0471-4983-9CDF-A7300F26050A}",2017-04-08,2017-04-08,"{541056FC-9B79-4B01-97AA-D0CA721875D6}",1.0889244992,0.0720688700166,158,69.311367197932,60.714770454053,9.35822168026323,28.8395531525721,12.6100082133661,4.72328413711786,16.6113354530201,4.43639982464715
"159",159,"Confusion","UT0552","UT","UTW02000","BLM","HORSE",293665.489248,1987-10-28,256847.244,"LUPA002008","{665D3990-A242-455C-8808-75A6011D0C59}",2017-04-08,2017-04-08,"{80C99EC9-92A4-42A0-891E-E9B1AB57A10C}",1.45546769429,0.124464668387,159,62.2072293810748,62.8974762053977,8.37280398476072,35.2391212379554,11.2665684014217,5.15525733648669,15.5911132973767,0.277346068135627
"160",160,"Maverick-Medicine","NV0105","NV","NVE03000","BLM","HORSE",324316.94067,1985-07-16,324316.94067,"LUPA001609","{B25236FB-82B2-4F54-8320-9C860E0163E0}",2017-04-08,2017-04-08,"{D784F40C-A992-4160-8DDD-680F5E688168}",1.96935786662,0.138651004885,160,14.3213087257111,133.06598735884,3.28803741431387,27.8982248316136,15.4112855827286,9.68140001948662,21.1280606306332,8.79876134231394
"161",161,"Bible Spring","UT0440","UT","UTC01000","BLM","HORSE",61862.3779805,1983-06-10,56573.509,"LUPA002003","{52AA4CB6-0318-4B8E-BE41-24454829E82C}",2017-04-08,2017-04-08,"{42D22E42-AF43-4462-AC47-DC31CFF7D55C}",0.64336252922,0.0256895066739,161,27.5062715376504,65.9377623741664,3.32925784684275,14.0265137487597,18.0921436870479,4.73251898988243,10.4255542897204,28.2743985005979
"162",162,"Choke Cherry","UT0443","UT","UTC01000","BLM","HORSE",48137.1967353,1983-06-10,39903.544,"LUPA002003","{86BF6153-52BA-42F4-B81B-297861D2E59C}",2017-04-08,2017-04-08,"{5E42E6CC-6D0E-4118-BEC8-381A59EA2086}",0.782924444497,0.0200027352428,162,56.4766801202108,120.677401675402,8.09217250540804,15.5398924200409,17.7628703959117,10.1299851914226,13.734534473497,18.1625713207218
"163",163,"Snowstorm Mountains","NV0201","NV","NVW01000","BLM","HORSE",141089.57857,2015-05-21,117835.049382,"LUPA001620","{3050B737-2904-477B-97C6-3D9044529DF4}",2017-04-08,2017-04-08,"{3D7CB95F-DF02-4C4E-A8EC-42746C874A30}",1.24938178832,0.0614972815297,163,151.091710875018,247.778532692135,17.7035446201231,20.175323709061,21.9480140490441,17.3986428075413,16.0629998535574,0.424975317331721
"164",164,"Onaqui Mountain","UT0242","UT","UTW01000","BLM","HORSE",240152.608114,1990-01-12,207725.44,"LUPA002009","{6B188077-9B62-4B36-B87D-A2B217201C65}",2017-04-08,2017-04-08,"{DBF95AE0-BAD9-418B-83E4-9B0B13A47A01}",2.34845075278,0.102690762939,164,168.117698072154,205.993125142357,19.0419055784034,14.191802091247,18.8800610029554,17.6920171294941,11.1730697134191,7.57969359879239
"165",165,"Swasey","UT0555","UT","UTW02000","BLM","HORSE",134965.194262,1987-10-28,128183.339,"LUPA002008","{6425C3F4-B647-48A0-81CD-CE0495FA46D4}",2017-04-08,2017-04-08,"{FC6B4E81-DDA6-4555-A6FF-A208FA21AA4D}",1.17354068216,0.0571496622511,165,69.5329493667347,61.430545424045,8.28874000157586,28.7556508411766,12.1713730533732,5.16484468923868,14.4738128340751,5.66411140792554
"166",166,"Canyon Lands","UT0571","UT","UTC02000","BLM","BURRO",89392.0815152,9999-09-09,77311.334,"LUPA002014","{36D2E404-8609-4ACF-8EAA-1DF5421021A1}",2017-04-08,2017-04-08,"{630314F4-40E1-488D-BA17-BA6DA295A842}",1.44206440955,0.0373039564265,166,8.5350101124536,56.8333790778299,1.5146450519054,40.3809173426146,10.5978319055211,6.94935792246016,11.2127216418186,5.66132915987799
"167",167,"Cedar Mountain","UT0241","UT","UTW01000","BLM","HORSE",211592.171064,1990-01-12,198377.102,"LUPA002009","{47E9EBC8-D54D-416B-9EE4-29E6B65F3C5E}",2017-04-08,2017-04-08,"{B638481F-3A4A-471F-A310-B94E495F1ECF}",1.73128030105,0.0909787241213,167,251.221092171092,143.529065869334,26.660527567678,17.3711970524662,20.0521900571819,14.6625796986696,9.46216049244758,3.0281391777428
"168",168,"Sinbad","UT0652","UT","UTG02000","BLM","BURRO",99241.2076257,9999-09-09,89484.171,"LUPA002015","{FFF68471-BCCA-4745-A6E6-680BD05C0CD8}",2017-04-08,2017-04-08,"{C232E613-A118-4FF0-AE33-33F403B81D17}",1.43552035974,0.041755262619,168,6.14428142801235,59.969616906553,3.26611644997174,26.2818872026786,10.7271070139583,8.38818454581032,8.59880854024438,6.15811801539331
"169",169,"North Hills","UT0447","UT","UTC01000","USFS","HORSE",24028.9111128,1983-06-10,61.434,"LUPA002003","{DE6D81B8-4568-4E6C-B997-409D7B02926E}",2017-04-08,2017-04-08,"{D10E9C56-2D98-4377-BDAE-7806CD554E06}",0.539132822839,0.00991855612457,169,31.8917971095134,63.8364766520727,3.07281126909054,12.01792277393,16.7765656802308,4.41207737249791,8.1657490518794,34.9652599827215
"170",170,"Sand Springs West","NV0630","NV","NVB02000","BLM","HORSE",152927.225195,1997-10-06,152927.225195,"LUPA001612","{EC937398-1ACC-489C-B582-F188D3591371}",2017-04-08,2017-04-08,"{132E920C-EF94-4F7D-AD16-321AB30521C2}",1.29185342412,0.0637522451262,170,39.115350004898,52.3514936746926,6.96669446020171,35.5551041004577,13.1332073511622,7.7195860130174,16.1356290337646,0.613378258621122
"171",171,"Sulpher","UT0448","UT","UTC01000","BLM","HORSE",265675.754498,9999-09-09,230177.347,"LUPA002003","{1F2E358C-D9B2-4FDB-A600-A396598D0630}",2017-04-08,2017-04-08,"{8452BD6B-E1FA-45BC-ACDF-3628A9ED0663}",1.6980032748,0.110810531519,171,50.3221312512331,77.9928043265805,7.44009493726891,17.515871710149,16.9700138761529,5.86326647391683,12.1901249247037,19.8368722876119
"172",172,"Range Creek","UT0641","UT","UTG02000","BLM","HORSE",55023.2834499,2008-10-31,43423.341,"LUPA002015","{7A5C0BFB-9933-410C-9A3A-1D685C6684E0}",2017-04-08,2017-04-08,"{952E2CA6-413A-46B1-A97D-D2B3D72818FE}",2.60412256942,0.0233937092408,172,2.96042548040363,104.800420265879,1.86539076346232,16.7197782585349,15.4199616980728,10.0702967623387,13.8088069601492,24.6994788578949
"173",173,"Owyhee","NV0101","NV","NVE02000","BLM","HORSE",340968.672213,2003-01-01,340968.672213,"LUPA001611","{C96C2CCE-3F33-45AC-A24C-6C280D2213F4}",2017-04-08,2017-04-08,"{FA61B105-E459-45F5-8200-C71FAE2E757A}",1.917475248,0.148592370995,173,46.4266741741301,232.708872687887,5.53112615862254,32.6402698190193,17.0410759915619,15.7284918014198,23.0748825492531,0.026210138594814
"174",174,"Tilly Creek","UT0449","UT","UTC01000","BLM","HORSE",37006.210704,1983-06-10,32963.723,"LUPA002003","{3DD05298-0BCC-4A8C-BEE4-37F2CC230C1F}",2017-04-08,2017-04-08,"{BAC95181-7915-4050-BD5C-C84202259562}",0.586484350946,0.0153414555013,174,61.329225568822,70.7196462556693,6.3976167706627,11.1154119284558,17.0918731595542,4.50383002092545,8.97648490242678,30.5530900552015
"175",175,"Warm Springs Canyon","NV0226","NV","NVW03000","BLM","BOTH",92695.0520876,2015-05-21,92695.0520876,"LUPA001620","{EB762BBF-176F-4FBD-98B4-2E774FE8C1AE}",2017-04-08,2017-04-08,"{A4F2D13F-E083-4016-B0D8-05A638CC77F7}",1.03635755075,0.0384234553197,175,115.266013380708,302.563187934684,13.0792504535833,18.0435250982764,15.1808039764137,21.2570910190505,19.4068094194134,0.1842890081645
"176",176,"Wall Canyon","CA0265","CA","CAN02000","BLM","HORSE",41152.8397737,2008-04-17,39119,"LUPA000421","{FD8BE4E7-98C2-452F-A18F-F62F7DBD74F4}",2017-05-12,2017-05-12,"{C5790451-06B8-43DB-B21A-92CE19059CD6}",0.627176698324,0.0179678875547,176,48.0225400392915,219.252031271475,6.81170820835792,24.4838508864833,14.8036801384094,16.7183950327833,22.0035168282252,0.219167118060328
"177",177,"Bitner","CA0267","CA","CAN02000","BLM","HORSE",53731.7025824,2008-04-17,47766,"LUPA000421","{AD4FAFA5-CA05-46E3-BFFB-2269E8000993}",2017-05-12,2017-05-12,"{C7771D8D-B015-4834-8154-8E5541D3230B}",0.701939681922,0.0235143122472,177,27.7491986338173,202.901902897271,4.01119133351039,26.0874307489917,15.2239440186275,14.6937020955957,24.0514449296218,0.254991940016429
"178",178,"Coppersmith","CA0261","CA","CAN02000","BLM","HORSE",73369.0376909,2008-04-17,60246,"LUPA000421","{FF5C8F09-AD66-4498-A43C-4B81F29A68A9}",2017-05-12,2017-05-12,"{873BEA1A-280B-41CB-ADE0-048282C48564}",0.848933440901,0.0318115474011,178,97.3060132745484,322.794589263005,9.3756509985593,14.748751658177,14.0595254132029,16.4810459814467,19.5820937437925,9.41377822325626
"179",179,"Fox Hog","CA0263","CA","CAN02000","BLM","HORSE",126938.943396,2008-04-17,121086,"LUPA000421","{9F866196-DE2E-4FDC-87A4-E4AF86EDF845}",2017-05-12,2017-05-12,"{BD52EA39-AC0F-4062-A7E1-67E9B1D60880}",1.33393889018,0.05509566411,179,130.262474869652,248.630218378606,16.2298756171354,16.5589819984312,14.4108629020032,19.066763342979,17.3357177227455,0.654504347138271
"180",180,"High Rock","CA0264","CA","CAN02000","BLM","HORSE",94689.3573495,2008-04-17,94612,"LUPA000421","{F8E8BC51-C9E5-407D-BAFE-CF81FD6C8A6E}",2017-05-12,2017-05-12,"{7A5F47FD-C91A-4CA8-B654-50759256B6A9}",0.95317626571,0.0412452619636,180,97.2998760297106,199.782717414656,13.1754426126738,19.4961488206974,13.9848154004909,16.6254406756381,16.0957564829065,0.178480236952303
"181",181,"New Ravendale","CA0243","CA","CAN05000","BLM","HORSE",26713.2137622,2008-04-17,23428,"LUPA000411","{86017341-81FC-46D9-93AD-AD55CE6244BA}",2017-05-12,2017-05-12,"{B1BCB884-6588-4E85-989F-D09D22B9C613}",0.522955605254,0.0115294283151,181,105.542519074831,264.203242248782,12.0930587145674,12.8295141667244,14.3850438201327,17.7125323689334,21.7328830560053,3.62549065317515
"182",182,"Buckhorn","CA0262","CA","CAN02000","BLM","HORSE",76523.292263,2008-04-17,67415,"LUPA000421","{37D8B0DA-F194-4274-B8E6-45D8D4454110}",2017-05-12,2017-05-12,"{A9F51BED-F8F5-4C8A-8F56-D18C86328747}",1.09522831216,0.0331168939029,182,156.722313342835,265.686192303475,15.4945291086504,17.3243810985638,13.0676833680517,15.2389321346344,18.9046946606732,3.58450169937507
"183",183,"Fort Sage","CA0241","CA","CAN05000","BLM","HORSE",18474.1906225,2008-04-17,13666,"LUPA000411","{A1BEA056-2E42-4C91-B4EC-AFCF41342710}",2017-05-12,2017-05-12,"{F3CE0047-2AF6-4788-9A09-EED1EB11A561}",0.495625249565,0.00789008509256,183,320.823644249629,269.581510778779,24.9340196881935,14.5413608611973,15.8701665853232,16.6273424622213,13.6706509627692,1.8013776210253
"184",184,"Nut Mountain","CA0266","CA","CAN02000","BLM","HORSE",40236.1928596,2008-04-17,38396,"LUPA000421","{8DFA8C74-C3B0-4525-8D1A-48D2BF772B3B}",2017-05-12,2017-05-12,"{9ABF1447-CD14-4CC3-80DF-5F23B40E11D8}",0.592148759139,0.0175732048104,184,28.7573954472391,260.579032837893,4.09192709301797,27.1040135202701,15.3494403054457,18.4547471767346,22.8311867012111,0.193068795530708
"185",185,"Black Rock Range","NV0234","NV","NVW03000","BLM","HORSE",183525.029374,2015-05-21,183524.300439,"LUPA001620","{FEA9A46A-D80B-4770-A31C-6F2FADE14BDB}",2017-05-12,2017-05-12,"{A69C0745-8983-4227-B660-1141DFCAFFCC}",1.58715446622,0.0799527072374,185,117.154563670847,281.316078850989,13.5903732541747,18.5800717950209,13.5085847006845,20.6142452802767,18.9268560974901,0.753993961370209
"186",186,"Carter Reservoir","CA0269","CA","CAN02000","BLM","HORSE",23449.1207953,2008-04-17,21591,"LUPA000421","{7F488A7E-A034-4559-B6A2-BA5C64859AF3}",2017-05-12,2017-05-12,"{48FD1260-E348-47CD-8C5E-0076967A8445}",0.668058352862,0.0102548656652,186,64.3419004383884,291.304145213493,6.77230716931423,15.3424103570139,15.0630741010914,17.5141396185525,26.969036607908,6.43043505973838
"187",187,"Twin Peaks","CA0242","CA","CAN05000","BLM","BOTH",793644.461372,2008-04-17,635356,"LUPA000411","{8779D3C8-99E5-4A8C-9B4E-969B521C0C3A}",2017-05-12,2017-05-12,"{4F4A1B70-8681-4AFE-AEEF-E8A7150B23DE}",3.61741688562,0.341791577319,187,219.673084875218,222.624087608302,23.7173866849354,13.7060395602415,14.289164685878,14.6017333476695,14.6200589540501,1.45389454993776
"188",188,"Shawave Mountains II","NV0235","NV","NVW01000","BLM","HORSE",139551.636683,2015-05-21,139551.082404,"LUPA001620","{BAAE8EDF-A2D8-40F1-A3BE-D7DF83AD2A0E}",2017-05-12,2017-05-12,"{F0FC7F7B-C981-4CEA-96F0-C52E89725366}",1.4670567279,0.05970648009,188,128.630853796788,94.8776839278155,10.5869013618516,30.164495034764,15.9650572425303,9.30072520179634,18.2911803200522,0.664280953052854
"189",189,"Massacre Lakes","CA0268","CA","CAN02000","BLM","HORSE",39925.6502977,2008-04-17,36084,"LUPA000421","{7AF86937-348B-4316-880E-1E9318EFA209}",2017-05-12,2017-05-12,"{2F0C10B5-5D91-4464-90FC-159057D15D33}",0.624216975655,0.0174686214787,189,38.4464796461354,217.248283058401,4.64132549554343,31.8355685446322,14.7754007582812,13.4177323067713,21.5837559864308,2.17305773579886
